Abilene Christian,Abilene Christian
Air Force,Air Force
Akron,Akron
Alabama,Alabama
Alabama A&M,Alabama A&M
Alabama State,Alabama State
Albany,Albany (NY)
University at Albany,Albany (NY)
Alcorn State,Alcorn State
American,American
Appalachian State,Appalachian State
Arizona,Arizona
Arizona State,Arizona State
Arkansas,Arkansas
Arkansas State,Arkansas State
Army,Army
Auburn,Auburn
Austin Peay,Austin Peay
Bakersfield,Cal State Bakersfield
Cal State Bakersfield,Cal State Bakersfield
Ball State,Ball State
Baylor,Baylor
Bellarmine,Bellarmine
Belmont,Belmont
Bethune-Cookman,Bethune-Cookman
Binghamton,Binghamton
Boise State,Boise State
Boston,Boston University
Boston University,Boston University
Boston College,Boston College
Bowling Green,Bowling Green State
Bradley,Bradley
Brown,Brown
Bryant,Bryant
Bucknell,Bucknell
Buffalo,Buffalo
Butler,Butler
BYU,BYU
Cal Poly,Cal Poly
Cal State Fullerton,Cal State Fullerton
California,California
California Baptist,California Baptist
California-San Diego,UC-San Diego
UC San Diego,UC-San Diego
Campbell,Campbell
Canisius,Canisius
Central Arkansas,Central Arkansas
Central Connecticut State,Central Connecticut
Central Michigan,Central Michigan
Charleston,College of Charleston
Charleston Southern,Charleston Southern
Charlotte,Charlotte
Chattanooga,Chattanooga
Chicago State,Chicago State
Cincinnati,Cincinnati
Citadel,The Citadel
The Citadel,The Citadel
Clemson,Clemson
Cleveland State,Cleveland State
Coastal Carolina,Coastal Carolina
Colgate,Colgate
Colorado,Colorado
Colorado State,Colorado State
Columbia,Columbia
Connecticut,UConn
UConn,UConn
Coppin State,Coppin State
Cornell,Cornell
Creighton,Creighton
CSUN,Cal State Northridge
Cal State Northridge,Cal State Northridge
Dartmouth,Dartmouth
Davidson,Davidson
Dayton,Dayton
Delaware,Delaware
Delaware State,Delaware State
Denver,Denver
DePaul,DePaul
Detroit,Detroit
Detroit Mercy,Detroit
Drake,Drake
Drexel,Drexel
Duke,Duke
Duquesne,Duquesne
East Carolina,East Carolina
East Tennessee State,ETSU
East Texas A&M,East Texas A&M
Eastern Illinois,Eastern Illinois
Eastern Kentucky,Eastern Kentucky
Eastern Michigan,Eastern Michigan
Eastern Washington,Eastern Washington
Elon,Elon
Evansville,Evansville
Fairfield,Fairfield
Fairleigh Dickinson,Fairleigh Dickinson
FDU,Fairleigh Dickinson
FIU,Florida International
Florida International,Florida International
Florida,Florida
Florida A&M,Florida A&M
Florida Atlantic,Florida Atlantic
Florida Gulf Coast,Florida Gulf Coast
Florida State,Florida State
Fordham,Fordham
Fresno State,Fresno State
Furman,Furman
Gardner-Webb,Gardner-Webb
George Mason,George Mason
George Washington,George Washington
Georgetown,Georgetown
Georgia,Georgia
Georgia Southern,Georgia Southern
Georgia State,Georgia State
Georgia Tech,Georgia Tech
Gonzaga,Gonzaga
Grambling State,Grambling
Grand Canyon,Grand Canyon
Green Bay,Green Bay
Hampton,Hampton
Harvard,Harvard
Hawaii,Hawaii
Hawai'i,Hawaii
High Point,High Point
Hofstra,Hofstra
Holy Cross,Holy Cross
Houston,Houston
Houston Christian,Houston Christian
Howard,Howard
Idaho,Idaho
Idaho State,Idaho State
Illinois,Illinois
Illinois State,Illinois State
Incarnate Word,Incarnate Word
Indiana,Indiana
Indiana State,Indiana State
Iona,Iona
Iowa,Iowa
Iowa State,Iowa State
IUPUI,IUPUI
IU Indy,IU Indy
Jackson State,Jackson State
Jacksonville,Jacksonville
Jacksonville State,Jacksonville State
James Madison,James Madison
Kansas,Kansas
Kansas City,Kansas City
Kansas State,Kansas State
Kennesaw State,Kennesaw State
Kent State,Kent State
Kentucky,Kentucky
La Salle,La Salle
Lafayette,Lafayette
Lamar,Lamar
Lehigh,Lehigh
Le Moyne,Le Moyne
Liberty,Liberty
Lindenwood,Lindenwood
Lipscomb,Lipscomb
Little Rock,Little Rock
LIU,LIU
Long Beach State,Long Beach State
Longwood,Longwood
Louisiana Tech,Louisiana Tech
Louisiana-Lafayette,Louisiana
Louisiana,Louisiana
Louisiana-Monroe,Louisiana-Monroe
Louisville,Louisville
Loyola Chicago,Loyola (IL)
Loyola Maryland,Loyola (MD)
Loyola Marymount,Loyola Marymount
LSU,LSU
Maine,Maine
Manhattan,Manhattan
Marist,Marist
Marquette,Marquette
Marshall,Marshall
Maryland,Maryland
Maryland Eastern Shore,Maryland-Eastern Shore
Maryland-Eastern Shore,Maryland-Eastern Shore
Massachusetts,UMass
UMass,UMass
Massachusetts-Lowell,UMass-Lowell
UMass Lowell,UMass-Lowell
McNeese State,McNeese State
McNeese,McNeese State
Memphis,Memphis
Mercer,Mercer
Mercyhurst,Mercyhurst
Merrimack College,Merrimack
Merrimack,Merrimack
Miami,Miami (FL)
Miami (FL,Miami (FL)
Miami (OH,Miami (OH)
Michigan,Michigan
Michigan State,Michigan State
Middle Tennessee,Middle Tennessee
Milwaukee,Milwaukee
Minnesota,Minnesota
Mississippi State,Mississippi State
Mississippi Valley State,Mississippi Valley State
Missouri,Missouri
Missouri State,Missouri State
Monmouth,Monmouth
Montana,Montana
Montana State,Montana State
Morehead State,Morehead State
Morgan State,Morgan State
Mount St. Mary's,Mount St. Mary's
Murray State,Murray State
Navy,Navy
Nebraska,Nebraska
Nevada,Nevada
New Hampshire,New Hampshire
New Mexico,New Mexico
New Mexico State,New Mexico State
New Orleans,New Orleans
Niagara,Niagara
Nicholls,Nicholls State
Nicholls State,Nicholls State
NJIT,NJIT
Norfolk State,Norfolk State
North Alabama,North Alabama
North Carolina,UNC
North Carolina A&T,North Carolina A&T
North Carolina Central,North Carolina Central
North Carolina State,NC State
North Dakota,North Dakota
North Dakota State,North Dakota State
North Florida,North Florida
North Texas,North Texas
Northeastern,Northeastern
Northern Arizona,Northern Arizona
Northern Colorado,Northern Colorado
Northern Illinois,Northern Illinois
Northern Iowa,Northern Iowa
Northern Kentucky,Northern Kentucky
Northwestern,Northwestern
Northwestern State,Northwestern State
Notre Dame,Notre Dame
Oakland,Oakland
Ohio,Ohio
Ohio State,Ohio State
Oklahoma,Oklahoma
Oklahoma State,Oklahoma State
Old Dominion,Old Dominion
Ole Miss,Ole Miss
Omaha,Omaha
Oral Roberts,Oral Roberts
Oregon,Oregon
Oregon State,Oregon State
Pacific,Pacific
Penn,Penn
Penn State,Penn State
Pepperdine,Pepperdine
Pittsburgh,Pitt
Portland,Portland
Portland State,Portland State
Prairie View A&M,Prairie View
Presbyterian,Presbyterian
Princeton,Princeton
Providence,Providence
Purdue,Purdue
Purdue Fort Wayne,Purdue-Fort Wayne
Queens (NC,Queens (NC)
Queens University,Queens (NC)
Quinnipiac,Quinnipiac
Radford,Radford
Rhode Island,Rhode Island
Rice,Rice
Richmond,Richmond
Rider,Rider
Robert Morris,Robert Morris
Rutgers,Rutgers
Sacramento State,Sacramento State
Sacred Heart,Sacred Heart
Saint Francis U,Saint Francis (PA)
Saint Francis (PA,Saint Francis (PA)
St. Francis (PA,Saint Francis (PA)
Saint Joseph's,St. Joseph's
Saint Louis,Saint Louis
Saint Mary's,Saint Mary's
Saint Peter's,St. Peter's
Sam Houston,Sam Houston State
Sam Houston State,Sam Houston State
Samford,Samford
San Diego,San Diego
San Diego State,San Diego State
San Francisco,San Francisco
San Jose State,San Jose State
Santa Clara,Santa Clara
Seattle,Seattle
Seton Hall,Seton Hall
Siena,Siena
SIUE,SIU-Edwardsville
SIU Edwardsville,SIU-Edwardsville
SMU,SMU
South Alabama,South Alabama
South Carolina,South Carolina
South Carolina State,South Carolina State
South Dakota,South Dakota
South Dakota State,South Dakota State
South Florida,South Florida
Southeast Missouri State,Southeast Missouri State
Southeastern Louisiana,Southeastern Louisiana
Southern,Southern
Southern University,Southern
Southern Illinois,Southern Illinois
Southern Indiana,Southern Indiana
Southern Miss,Southern Miss
Southern Utah,Southern Utah
St. Bonaventure,St. Bonaventure
St. Francis Brooklyn,St. Francis (NY)
St. John's,St. John's (NY)
St. Thomas (MN,St. Thomas
St. Thomas,St. Thomas
Stanford,Stanford
Stephen F. Austin,Stephen F. Austin
Stetson,Stetson
Stonehill,Stonehill
Stony Brook,Stony Brook
Syracuse,Syracuse
Tarleton State,Tarleton State
TCU,TCU
Temple,Temple
Tennessee,Tennessee
Tennessee State,Tennessee State
Tennessee Tech,Tennessee Tech
Texas,Texas
Texas A&M,Texas A&M
Texas A&M-Commerce,East Texas A&M
Texas A&M-Corpus Christi,Texas A&M-Corpus Christi
Texas Southern,Texas Southern
Texas State,Texas State
Texas Tech,Texas Tech
Texas-Rio Grande Valley,Texas-Rio Grande Valley
UT Rio Grande Valley,Texas-Rio Grande Valley
Toledo,Toledo
Towson,Towson
Troy,Troy
Tulane,Tulane
Tulsa,Tulsa
UAB,UAB
UAPB,Arkansas-Pine Bluff
Arkansas-Pine Bluff,Arkansas-Pine Bluff
UC Davis,UC-Davis
UC Irvine,UC-Irvine
UC Riverside,UC-Riverside
UC Santa Barbara,UCSB
UCF,UCF
UCLA,UCLA
UIC,UIC
UMBC,UMBC
UNC Asheville,UNC Asheville
UNCG,UNC Greensboro
UNC Greensboro,UNC Greensboro
UNCW,UNC Wilmington
UNC Wilmington,UNC Wilmington
UNLV,UNLV
USC,USC
USC Upstate,USC Upstate
UT Arlington,UT Arlington
UT Martin,UT-Martin
Tennessee-Martin,UT-Martin
Utah,Utah
Utah State,Utah State
Utah Tech,Utah Tech
Utah Valley,Utah Valley
UTEP,UTEP
UTSA,UTSA
Valparaiso,Valparaiso
Vanderbilt,Vanderbilt
VCU,VCU
Vermont,Vermont
Villanova,Villanova
Virginia,Virginia
Virginia Tech,Virginia Tech
VMI,VMI
Wagner,Wagner
Wake Forest,Wake Forest
Washington,Washington
Washington State,Washington State
Weber State,Weber State
West Georgia,West Georgia
West Virginia,West Virginia
Western Carolina,Western Carolina
Western Illinois,Western Illinois
Western Kentucky,Western Kentucky
Western Michigan,Western Michigan
Wichita State,Wichita State
William & Mary,William & Mary
Winthrop,Winthrop
Wisconsin,Wisconsin
Wofford,Wofford
Wright State,Wright State
Wyoming,Wyoming
Xavier,Xavier
Yale,Yale
Youngstown State,Youngstown State