Cairn,Philadelphia Biblical
Carolina,Piedmont International
Champion Christian,Champion Baptist
Grace Christian University,Grace Bible College
Johnson (Fl),Florida Christian College
Johnson State,Northern Vermont-Johnson
Kansas City,Kansas City
Massachusetts Liberal Arts,Massachusetts College
Old Westbury,SUNY-Old Westbury
Purchase College,SUNY-Purchase
St. Elizabeth,College of Saint Elizabeth
St. Thomas (MN),St. Thomas
TCNJ,New Jersey
Texas Southern,TX Southern
Texas-Rio Grande Valley,TX-Pan Am
UNC,North Carolina
Westminster (PA),Westminster
Westminster (UT),Westminster College
Abilene Christian,Abl Christian
Academy of Art,Academy of Art
Air Force,Air Force
Akron,Akron
Alabama A&M,Alabama A&M
Alabama,Alabama
Alabama State,Alabama St
Albany (NY),Albany
Albany State (GA),Albany State (GA)
Albertus Magnus,Albertus Magnus College
Alcorn State,Alcorn St
Alice Lloyd,Alice Lloyd
Allen,Allen
Alma,Alma College
American,American
Anderson (IN),Anderson (IN)
Anderson (SC),Anderson (SC)
Antelope Valley,Antelope Valley
Appalachian State,App State
Little Rock,AR Lit Rock
Arcadia,Arcadia
Arizona,Arizona
Arizona State,Arizona St
Arkansas-Pine Bluff,AR-Pine Bluff
Arkansas,Arkansas
Arkansas Baptist,Arkansas Baptist
Arkansas State,Arkansas St
Arlington Baptist,Arlington Baptist College
Army,Army
Auburn,Auburn
Aurora,Aurora
Austin Peay,Austin Peay
Ave Maria,Ave Maria
Baldwin-Wallace,Baldwin-Wallace College
Ball State,Ball State
Baylor,Baylor
Belhaven (MS),Belhaven College
Bellarmine,Bellarmine
Belmont,Belmont
Benedictine,Benedictine University (AZ)
Bethune-Cookman,Beth-Cook
Bethel (TN),Bethel (TN)
Bethesda University (CA),Bethesda University
Binghamton,Binghamton
Blackburn,Blackburn
Blue Mountain College,Blue Mountain College
Bluffton,Bluffton College
Bob Jones University,Bob Jones
Boise State,Boise St
Boston College,Boston College
Boston University,Boston U
Bowling Green State,Bowling Grn
Boyce,Boyce
Bradley,Bradley
Brandeis,Brandeis
Brescia,Brescia
Brevard,Brevard
Brewton-Parker,Brewton Parker College
Bridgewater (VA),Bridgewater (VA)
Brown,Brown
Bryan,Bryan
Bryant,Bryant
Bryn Athyn,Bryn Athyn
Bucknell,Bucknell
Buffalo,Buffalo
Bushnell,Bushnell
Butler,Butler
BYU,BYU
California Baptist,Cal Baptist
Cal State Maritime,Cal Maritime
Cal Poly,Cal Poly
Cal State Northridge,Cal St Nrdge
Cal State East Bay,Cal. State - East Bay
Cal State Los Angeles,Cal. State - Los Angeles
California,California
Calumet College,Calumet
Calvary,Calvary University
Campbell,Campbell
Campbellsville,Campbellsville-Harrodsburg
Canisius,Canisius
Cardinal Stritch,Cardinal Stritch
Carlow,Carlow University
Cazenovia,Cazenovia College
Centenary (LA),Centenary
Centenary (NJ),Centenary (N.J.)
Central Arkansas,Central Ark
Central Baptist,Central Baptist
Central Connecticut,Central Conn
UCF,UCF
Central Michigan,C Michigan
Chaminade,Chaminade
Chapman,Chapman
Charleston Southern,Charl South
Charlotte,Charlotte
Chattanooga,Chattanooga
Chicago State,Chicago St
Cincinnati,Cincinnati
Cincinnati-Clermont,Cincinnati Clermont
The Citadel,Citadel
Clark (MA),Clark
Clarks Summit,Clarks Summit
Clayton State,Clayton State
Clemson,Clemson
Cleveland State,Cleveland St
Clinton College,Clinton College
Coast Guard,Coast Guard Academy
Coastal Carolina,Coastal Car
Coastal Georgia,Coastal Georgia
College of Charleston,Col Charlestn
Colby-Sawyer,Colby-Sawyer
Colgate,Colgate
Colorado,Colorado
Colorado Christian,Colorado Christian
Colorado College,Colorado College
Colorado State,Colorado St
Columbia,Columbia
Columbia International,Columbia International
Concord,Concord College
Concordia (MI),Concordia (MI)
UConn,UConn
Coppin State,Coppin St
Cornell,Cornell
Covenant,Covenant
Creighton,Creighton
Crowley's Ridge,Crowley's Ridge College
Crown (MN),Crown College
Cal State Bakersfield,CS Bakersfield
Cal State Fullerton,CS Fullerton
D'Youville,D'Youville
Dakota State,Dakota State
Dallas Christian,Dallas Christian
Dartmouth,Dartmouth
Davidson,Davidson
Davis & Elkins,Davis & Elkins
Dayton,Dayton
Dean,Dean
Defiance,Defiance
Delaware,Delaware
Delaware State,Delaware St
Denver,Denver
DePaul,DePaul
Detroit,Detroit
Dillard,Dillard
District of Columbia,District of Columbia
Drake,Drake
Drexel,Drexel
Duke,Duke
Duquesne,Duquesne
East Carolina,E Carolina
Eastern Illinois,E Illinois
Eastern Kentucky,E Kentucky
Eastern Michigan,E Michigan
ETSU,E Tenn St
Eastern Washington,E Washingtn
Earlham,Earlham
East-West,East-West University
Eastern Nazarene,Eastern Nazarene
Eastern Oregon,Eastern Oregon
Ecclesia,Ecclesia College
Edward Waters,Edward Waters
Elon,Elon
Emerson,Emerson
Emory & Henry,Emory & Henry
Erskine,Erskine
Eureka,Eureka
Evansville,Evansville
Fairleigh Dickinson,F Dickinson
Fairfield,Fairfield
Fairmont State,Fairmont State
Fairleigh Dickinson-Florham,FDU-Florham
Fisher College,Fisher College
Fisk,Fisk
Florida Atlantic,Fla Atlantic
Florida Gulf Coast,FGCU
Florida,Florida
Florida A&M,Florida A&M
Florida College,Florida College
Florida International,Florida Intl
Florida National University,Florida National
Florida State,Florida St
Florida Tech,Florida Tech
Fordham,Fordham
Framingham State,Framingham State University
Franciscan,Franciscan University
Franklin,Franklin College
Fredonia State,Fredonia St.
Fresno Pacific,Fresno Pacific
Fresno State,Fresno St
Furman,Furman
Georgia Southern,GA Southern
Georgia Tech,GA Tech
Gallaudet,Gallaudet University
Gardner-Webb,Gard-Webb
George Mason,George Mason
George Washington,Geo Wshgtn
Georgetown,Georgetown
Georgia,Georgia
Georgia College,Georgia College St. & U
Georgia Southwestern,Georgia Southwestern State
Georgia State,Georgia St
Georgian Court,Georgian Court
Glenville State,Glenville St.
Gonzaga,Gonzaga
Goshen,Goshen
Goucher,Goucher
Grambling,Grambling St
Grand Canyon,Grand Canyon
Greensboro,Greensboro
Guilford,Guilford
Gwynedd-Mercy,Gwynedd-Mercy
Hampton,Hampton
Hannibal-LaGrange,Hannibal LaGrange College
Hardin-Simmons,Hardin-Simmons
Harding,Harding
Harris-Stowe,Harris-Stowe State
Hartford,Hartford
Harvard,Harvard
Hawaii,Hawaii
Hawaii Pacific,Hawaii Pacific
Hendrix,Hendrix College
High Point,High Point
Hofstra,Hofstra
Holy Cross,Holy Cross
Holy Names,Holy Names
Houghton,Houghton
Houston,Houston
Howard,Howard
Howard Payne,Howard Payne
Houston Christian,Hsn Christian
Huston-Tillotson,Huston-Tillotson
Idaho,Idaho
Idaho State,Idaho St
IU Indy,IU Indy
UIC,IL-Chicago
Illinois,Illinois
Illinois State,Illinois St
Illinois Tech,Illinois Tech
Immaculata,Immaculata
Incarnate Word,Incar Word
Indiana,Indiana
Indiana State,Indiana St
Indianapolis,Indianapolis
Iona,Iona
Iowa,Iowa
Iowa State,Iowa St
Iowa Wesleyan,Iowa Wesleyan
Purdue-Fort Wayne,IPFW
Ithaca,Ithaca College
Indiana-South Bend,IU-SouthBend
IUPUI,IUPUI
Jackson State,Jackson St
Jacksonville,Jacksonville
James Madison,J Madison
Jarvis Christian,Jarvis Christian
Jacksonville State,Jacksonville St
John Brown,John Brown
John Jay,John Jay College
Johnson & Wales (NC),Johnson & Wales (NC)
Johnson & Wales (RI),Johnson & Wales U. (RI)
Johnson University,Johnson University
Kansas,Kansas
Kansas Christian,Kansas Christian
Kansas State,Kansas St
Kean,Kean
Kennesaw State,Kennesaw St
Kent State,Kent St
Kentucky,Kentucky
Kentucky Christian,Kentucky Christian
Kentucky State,Kentucky State
Keystone,Keystone
Knox,Knox
LaGrange,La Grange
Louisiana,Louisiana
Louisiana-Monroe,UL Monroe
La Salle,La Salle
La Sierra,La Sierra University
Louisiana Tech,LA Tech
La Verne,La Verne
Lafayette,Lafayette
Lamar,Lamar
Lane,Lane College
LeTourneau,Le Tourneau
Lebanon Valley,Lebanon Valley
Lees-McRae,Lees-McRae
Lehigh,Lehigh
Le Moyne,Le Moyne
Lewis & Clark,Lewis & Clark
Long Beach State,Lg Beach St
Liberty,Liberty
Life Pacific,Life Pacific
Lincoln (PA),Lincoln
Lincoln (MO),Lincoln (MO)
Lindenwood,Lindenwood
Lindsey Wilson,Lindsey Wilson
Lipscomb,Lipscomb
LIU,LIU
Longwood,Longwood
Loras,Loras
Louisiana College,Louisiana College
Louisville,Louisville
Lourdes,Lourdes
Loyola (LA),Loyola (LA)
Loyola Marymount,Loyola Mymt
Loyola (IL),Loyola Chi
Loyola (MD),Loyola MD
LSU,LSU
Louisiana State-Alexandria,LSU-Alexandria
Lynchburg,Lynchburg College
Lyndon State,Lyndon State
Lynn,Lynn
Lyon,Lyon
Maine,Maine
Maine-Augusta,Maine-Augusta
Maine-Fort Kent,Maine-Fort Kent
Manchester,Manchester
Manhattan,Manhattan
Marist,Marist
Marquette,Marquette
Mars Hill,Mars Hill
Marshall,Marshall
Mary Baldwin,Mary Baldwin
Mary Hardin-Baylor,Mary Hardin-Baylor
Maryland,Maryland
UMBC,UMBC
Maryland-Eastern Shore,Maryland ES
Maryville (TN),Maryville (TN)
UMass-Lowell,UMass Lowell
Master's,Master's College
McDaniel,McDaniel College
McMurry,McMurry
McNeese State,McNeese
Medgar Evers,Medgar Evers
Memphis,Memphis
Menlo,Menlo College
Mercer,Mercer
Merchant Marine Academy,Merchant Marine Academy
Mercy,Mercy College
Mercyhurst,Mercyhurst
Merrimack,Merrimack
Methodist,Methodist
Miami,Miami
Miami (FL),Miami
Miami (OH),Miami OH
Miami Middletown,Miami (OH) - Middletown
Miami-Hamilton,Miami-Hamilton
Michigan,Michigan
Michigan State,Michigan St
Mid-America Christian,Mid-America Christian
Mid-Atlantic Christian,Mid-Atlantic Christian
Middle Georgia State,Middle Georgia St.
Middle Tennessee,Middle Tenn
Midland Lutheran,Midland Lutheran
Milligan,Milligan
Milwaukee,WI-Milwkee
Minnesota,Minnesota
Misericordia,Misericordia
Mississippi State,Mississippi St
Mississippi Valley State,Miss Val St
Ole Miss,Mississippi
Mississippi College,Mississippi College
Mississippi University for Women,Mississippi Univ. For Women
Missouri,Missouri
Missouri S&T,Missouri S&T
Missouri State,Missouri St
Mobile,Mobile
Monmouth,Monmouth
Montana,Montana
Montana State,Montana St
Montana State-Northern,Montana St.-Northern
Montana Western,Montana Western
Montevallo,Montevallo
Montreat,Montreat
Morehead State,Morehead St
Morehouse,Morehouse
Morgan State,Morgan St
Morris College,Morris College
Mount Marty,Mount Marty
Mount Olive,Mount Olive
Mt. St. Mary (NY),Mount Saint Mary College
Mount Saint Vincent,Mount St. Vincent
Mount St. Mary's,Mt St Mary's
Multnomah,Multnomah
Murray State,Murray St
Muskingum,Muskingum
North Alabama,N Alabama
Northern Arizona,N Arizona
Northern Colorado,N Colorado
North Dakota State,N Dakota St
North Florida,N Florida
New Hampshire,New Hampshire
Northern Illinois,N Illinois
Northern Iowa,N Iowa
Northern Kentucky,N Kentucky
New Mexico State,New Mexico St
Navy,Navy
North Carolina A&T,NC A&T
North Carolina Central,NC Central
NC State,NC State
UNC Asheville,NC Asheville
UNC Greensboro,NC Greensboro
UNC Wilmington,NC Wilmington
Omaha,Omaha
Nebraska,Nebraska
Neumann,Neumann
Nevada,Nevada
New England,New England Nor'easters
New Mexico,New Mexico
New Mexico Highlands,New Mexico Highlands
New Orleans,New Orleans
Niagara,Niagara
Nicholls State,Nicholls
NJIT,NJIT
Norfolk State,Norfolk St
North American,North American
North Central (MN),North Central
North Dakota,North Dakota
North Greenville,North Greenville
North Park,North Park
North Texas,N Texas
North Texas at Dallas,North Texas-Dallas
Northeastern,Northeastrn
Northern New Mexico,Northern New Mexico
Northwest Indian College,Northwest Indian College
Northwestern Ohio,Northwest Ohio
Northwestern,Northwestern
Notre Dame,Notre Dame
Notre Dame (OH),Notre Dame College
Northwestern State,NW State
Oakland,Oakland
Oakland City,Oakland City
Oakwood,Oakwood
Occidental,Occidental
Oglethorpe,Oglethorpe
Ohio,Ohio
Ohio Dominican,Ohio Dominican
Ohio State,Ohio St
Oklahoma,Oklahoma
Oklahoma Baptist,Oklahoma Baptist
Oklahoma State,Oklahoma St
Old Dominion,Old Dominion
Oral Roberts,Oral Roberts
Oregon,Oregon
Oregon State,Oregon St
Ottawa,Ottawa University (Arizona)
Ouachita Baptist,Ouachita Baptist
Our Lady of the Lake,Our Lady of the Lake
Pacific,Pacific
Pacific Lutheran,Pacific Lutheran
Paine,Paine
Park (AZ),Park University
Paul Quinn,Paul Quinn
Penn St.-Wilkes Barre,Penn St. Wilkes Barre
Penn State-Allegheny,Penn St.-Allegheny
Penn State New Kensington,Penn St.-New Kensington
Penn St. - York,Penn St.-York
Penn State,Penn St
Pepperdine,Pepperdine
Peru State,Peru State
Pfeiffer,Pfeiffer
Philander Smith,Philander Smith
Piedmont,Piedmont
Pitt,Pittsburgh
Pittsburgh-Greensburg,Pittsburgh-Greensburg
Portland,Portland
Portland Bible,Portland Bible College
Portland State,Portland St
Prairie View,Prairie View
Presbyterian,Presbyterian
Princeton,Princeton
Providence,Providence
Puget Sound,Puget Sound
Purdue,Purdue
Purdue Northwest,Purdue Northwest
Queens (NC),Queens
Quinnipiac,Quinnipiac
Radford,Radford
Regent,Regent University
Rhode Island,Rhode Island
Rhodes,Rhodes
Rice,Rice
Richmond,Richmond
Rider,Rider
Robert Morris,Robert Morris
Rochester,Rochester College
Rockford,Rockford
Rogers State,Rogers State
Rust,Rust College
Rutgers,Rutgers
South Alabama,S Alabama
South Carolina State,S Car State
South Carolina,S Carolina
South Dakota State,S Dakota St
South Florida,S Florida
Southern Illinois,S Illinois
Southern Indiana,S Indiana
SMU,SMU
Southern Miss,S Mississippi
Southern Utah,S Utah
Sacramento State,Sac State
Sacred Heart,Sacred Hrt
Saint Louis,Saint Louis
Saint Mary-of-the-Woods College,Saint Mary-Of-The-Woods
Sam Houston,Sam Hous St
Sam Houston State,Sam Hous St
Samford,Samford
San Diego,San Diego
San Diego Christian,San Diego Christian
San Diego State,San Diego St
San Francisco,San Francisco
San Francisco State,San Francisco State
San Jose State,San Jose St
Santa Clara,Santa Clara
Sarah Lawrence,Sarah Lawrence
USC Upstate,SC Upstate
Schreiner,Schreiner
Southeastern Louisiana,SE Louisiana
Southeast Missouri State,SE Missouri
Seattle,Seattle
Seton Hall,Seton Hall
Shorter,Shorter
Siena,Siena
Simon Fraser University,Simon Fraser
SIU-Edwardsville,SIU Edward
Sonoma State,Sonoma State
South Dakota,South Dakota
Southern,Southern
Southern Nazarene,Southern Nazarene
Southern-New Orleans,Southern-New Orleans
Southwestern (TX),Southwestern
Spalding,Spalding
Spring Hill,Spring Hill
St. Bonaventure,St Bonavent
St. Francis (NY),St Fran (NY)
Saint Francis (PA),St Fran (PA)
St. John's (NY),St John's
St. Joseph's,St Josephs
Saint Mary's,Saint Mary's
St. Peter's,St Peters
St. Ambrose,St. Ambrose
St. Andrews,St. Andrews Presbyterian
St. Augustine's,St. Augustine
St. Francis (IL),St. Francis (IL)
St. John Fisher,St. John Fisher
Saint Joseph's Long Island,St. Joseph's (LI)
Saint Joseph's (ME),St. Joseph's (ME)
St. Katherine,St. Katherine
Saint Martin's,St. Martin's
St. Mary's (MD),St. Mary's (MD)
St. Mary's (TX),St. Mary's (TX)
St. Thomas,St Thomas
St. Thomas (FL),St. Thomas (FL)
St. Thomas (TX),St. Thomas (TX)
Saint Vincent (PA),St. Vincent
Saint Xavier (IL),St. Xavier
Stanford,Stanford
Stephen F. Austin,Ste F Austin
Stetson,Stetson
Stonehill,Stonehill
Stony Brook,Stony Brook
Sul Ross State,Sul Ross St.
SUNY Delhi,SUNY-Delhi
SUNY-Maritime,SUNY-Maritime
SUNY-Oneonta,SUNY-Oneonta
Southwestern Adventist,SW Adventist
Syracuse,Syracuse
Tarleton State,Tarleton St
Temple,Temple
Tennessee,Tennessee
Tennessee Wesleyan,Tennessee Wesleyan
Texas,Texas
Texas A&M,Texas A&M
Texas Lutheran,Texas Lutheran
Texas State,Texas St
Texas Tech,Texas Tech
Thomas (ME),Thomas College
UT-Martin,TN Martin
Tennessee State,TN State
Tennessee Tech,TN Tech
Toccoa Falls,Toccoa Falls
Toledo,Toledo
Towson,Towson
Trevecca Nazarene,Trevecca Nazarene
Trinity (TX),Trinity (TX)
Trinity Baptist,Trinity Baptist
Trinity Christian,Trinity Christian
Troy,Troy
Truett-McConnell,Truett-McConnell
Tufts,Tufts
Tulane,Tulane
Tulsa,Tulsa
Tusculum,Tusculum
Texas A&M-Corpus Christi,TX A&M-CC
Texas A&M-Commerce,TX A&M-Com
East Texas A&M,TX A&M-Com
TCU,TCU
UTEP,TX El Paso
UT-Southern,Martin Methodist
UT Arlington,TX-Arlington
UTSA,UTSA
UMass,UMass
Penn,Penn
UAB,UAB
UC-Davis,UC Davis
UC-Irvine,UC Irvine
UC-Merced,UC Merced
UC-Riverside,UC Riverside
UC-San Diego,UCSD
UCLA,UCLA
UCSB,UCSB
Union (NY),Union
UNLV,UNLV
USC,USC
Utah,Utah
Utah State,Utah St
Utah Tech,Utah Tech
Utah Valley,Utah Valley
VMI,VA Military
Virginia Tech,Virginia Tech
Valley Forge,Valley Forge
Valparaiso,Valparaiso
Vanderbilt,Vanderbilt
Vanguard,Vanguard
VCU,VCU
Vermont,Vermont
Villanova,Villanova
Virginia,Virginia
Virginia State,Virginia State
Virginia Wesleyan,Virginia Wesleyan
Virginia-Lynchburg,Virginia-Lynchburg
Voorhees,Voorhees
Western Carolina,W Carolina
Western Illinois,W Illinois
Western Kentucky,W Kentucky
Western Michigan,W Michigan
West Virginia,West Virginia
Wabash,Wabash
Wagner,Wagner
Wake Forest,Wake Forest
Waldorf,Waldorf
Walla Walla,Walla Walla
Warner Pacific,Warner Pacific
Warren Wilson,Warren Wilson
Wartburg,Wartburg
Washington State,Washington State
Washington,Washington
Washington College,Washington College
Wayne State (MI),Wayne State (MI)
Webber,Webber
Weber State,Weber St
Wells,Wells College
West Coast Baptist,West Coast Baptist
West Georgia,W Georgia
Westcliff,Westcliff
Western New England,Western New England
Western New Mexico,Western New Mexico
Western Oregon,Western Oregon
Western Colorado,Western State Colorado
Westmont,Westmont
Whittier,Whittier
Green Bay,WI-Grn Bay
Wichita State,Wichita St
Wiley,Wiley
William Carey,William Carey
William Jessup,William Jessup
William Peace,William Peace
William Woods,William Woods
Wilmington (DE),Wilmington (DE)
Winthrop,Winthrop
Wisconsin,Wisconsin
Wisconsin-Parkside,Wisconsin-Parkside
Wisconsin-Stout,Wisconsin-Stout
William & Mary,Wm & Mary
Wofford,Wofford
Wright State,Wright State
Wyoming,Wyoming
Xavier,Xavier
Yale,Yale
Youngstown State,Youngs St